Country,Year,Value
Australia,1990,425624.307
Australia,1991,425686.445
Australia,1992,429473.0847
Australia,1993,430381.7307
Australia,1994,430848.498
Australia,1995,439269.8779
Australia,1996,445847.2253
Australia,1997,457864.5104
Australia,1998,472145.8318
Australia,1999,478136.8747
Australia,2000,489528.6493
Australia,2001,497352.0254
Australia,2002,501000.8427
Australia,2003,501128.9763
Australia,2004,518408.4377
Australia,2005,524811.8453
Australia,2006,529240.6412
Australia,2007,535807.5516
Australia,2008,538590.7141
Australia,2009,541475.7925
Australia,2010,536893.7378
Australia,2011,538663.8778
Australia,2012,541899.7403
Australia,2013,532267.3349
Australia,2014,526711.78
Australia,2015,534936.017
Australia,2016,543976.8123
Australia,2017,550874.8679
Australia,2018,552484.0247
Australia,2019,546606.6243
Australia,2020,528149.4564
Austria,1990,78423.22073
Austria,1991,82095.38649
Austria,1992,75464.12166
Austria,1993,75806.34588
Austria,1994,76039.47174
Austria,1995,79283.43014
Austria,1996,82482.78205
Austria,1997,82134.0931
Austria,1998,81452.38067
Austria,1999,79922.2445
Austria,2000,80085.02773
Austria,2001,83989.2397
Austria,2002,85747.07367
Austria,2003,91209.61993
Austria,2004,90856.23561
Austria,2005,92029.49662
Austria,2006,89606.97979
Austria,2007,86841.36196
Austria,2008,86259.02042
Austria,2009,79584.52243
Austria,2010,84150.22505
Austria,2011,82007.45953
Austria,2012,79309.94082
Austria,2013,79772.01877
Austria,2014,76235.15171
Austria,2015,78486.74313
Austria,2016,79468.29681
Austria,2017,81792.15595
Austria,2018,78558.02691
Austria,2019,79740.73841
Austria,2020,73592.01652
Belarus,1990,145461.6107
Belarus,1991,140015.4544
Belarus,1992,126498.1796
Belarus,1993,112569.6337
Belarus,1994,96767.03736
Belarus,1995,88354.30963
Belarus,1996,89110.90364
Belarus,1997,89303.56923
Belarus,1998,90561.8864
Belarus,1999,84637.04311
Belarus,2000,81363.78159
Belarus,2001,80011.30738
Belarus,2002,79299.16314
Belarus,2003,80982.78094
Belarus,2004,84678.7288
Belarus,2005,86601.46502
Belarus,2006,89915.23535
Belarus,2007,88242.40988
Belarus,2008,91663.2783
Belarus,2009,89636.7837
Belarus,2010,91791.63606
Belarus,2011,91198.81573
Belarus,2012,92258.73412
Belarus,2013,94304.91379
Belarus,2014,93264.12188
Belarus,2015,88139.12694
Belarus,2016,87468.22547
Belarus,2017,89069.33323
Belarus,2018,92029.13777
Belarus,2019,92183.17245
Belarus,2020,88802.05819
Belgium,1990,145686.757
Belgium,1991,148406.6207
Belgium,1992,148007.1943
Belgium,1993,146865.8367
Belgium,1994,151469.4752
Belgium,1995,153593.3836
Belgium,1996,157305.3275
Belgium,1997,148839.8927
Belgium,1998,154012.6826
Belgium,1999,147781.8156
Belgium,2000,148879.1611
Belgium,2001,147320.4707
Belgium,2002,147403.7275
Belgium,2003,147701.4369
Belgium,2004,148537.1343
Belgium,2005,145549.7331
Belgium,2006,142712.5809
Belgium,2007,139072.4703
Belgium,2008,138989.5683
Belgium,2009,126354.1083
Belgium,2010,133645.7668
Belgium,2011,123133.6903
Belgium,2012,120361.6043
Belgium,2013,120458.3198
Belgium,2014,114768.4362
Belgium,2015,118955.4663
Belgium,2016,117417.8806
Belgium,2017,117097.8781
Belgium,2018,117594.0395
Belgium,2019,116448.1849
Belgium,2020,106433.2583
Bulgaria,1990,98356.81327
Bulgaria,1991,80200.03122
Bulgaria,1992,74601.94973
Bulgaria,1993,74018.32556
Bulgaria,1994,70137.93515
Bulgaria,1995,71677.01923
Bulgaria,1996,72110.0355
Bulgaria,1997,68918.22786
Bulgaria,1998,64862.57834
Bulgaria,1999,57845.80965
Bulgaria,2000,56965.7657
Bulgaria,2001,59940.02999
Bulgaria,2002,57346.44554
Bulgaria,2003,62198.19755
Bulgaria,2004,61426.28117
Bulgaria,2005,62067.18546
Bulgaria,2006,62777.42856
Bulgaria,2007,66754.51807
Bulgaria,2008,65501.8739
Bulgaria,2009,56638.44881
Bulgaria,2010,59321.2148
Bulgaria,2011,64625.47704
Bulgaria,2012,59659.34124
Bulgaria,2013,55591.15342
Bulgaria,2014,58876.25747
Bulgaria,2015,62269.03207
Bulgaria,2016,60140.86231
Bulgaria,2017,63332.78323
Bulgaria,2018,60309.80643
Bulgaria,2019,59472.62319
Bulgaria,2020,49185.62315
Canada,1990,594722.2434
Canada,1991,587905.7939
Canada,1992,605290.2488
Canada,1993,607681.0769
Canada,1994,628145.8692
Canada,1995,645455.2968
Canada,1996,666701.9102
Canada,1997,682298.9984
Canada,1998,688613.931
Canada,1999,701758.7117
Canada,2000,726987.283
Canada,2001,718320.0432
Canada,2002,724281.1296
Canada,2003,743286.8544
Canada,2004,745194.0475
Canada,2005,741182.8433
Canada,2006,734586.99
Canada,2007,756833.2581
Canada,2008,739063.1516
Canada,2009,697734.9449
Canada,2010,709654.0607
Canada,2011,720820.9307
Canada,2012,725587.1019
Canada,2013,732162.3016
Canada,2014,729599.7834
Canada,2015,732536.8724
Canada,2016,715095.8574
Canada,2017,725015.6466
Canada,2018,740006.2696
Canada,2019,738283.4461
Canada,2020,672354.022
Croatia,1990,31416.28466
Croatia,1991,24719.60351
Croatia,1992,22794.32319
Croatia,1993,22743.30736
Croatia,1994,21840.77034
Croatia,1995,22499.65056
Croatia,1996,22990.96959
Croatia,1997,24377.55733
Croatia,1998,24463.86524
Croatia,1999,25767.47482
Croatia,2000,25489.50553
Croatia,2001,26662.2579
Croatia,2002,27711.12763
Croatia,2003,29141.45003
Croatia,2004,29171.04573
Croatia,2005,29663.35402
Croatia,2006,30044.16625
Croatia,2007,31495.40142
Croatia,2008,30583.19738
Croatia,2009,28313.856
Croatia,2010,27931.28793
Croatia,2011,27645.3795
Croatia,2012,25884.81406
Croatia,2013,24611.91736
Croatia,2014,23875.96183
Croatia,2015,24349.08099
Croatia,2016,24609.24421
Croatia,2017,25479.04533
Croatia,2018,24400.20063
Croatia,2019,24622.29858
Croatia,2020,23756.35209
Cyprus,1990,5576.487955
Cyprus,1991,6077.96415
Cyprus,1992,6523.432483
Cyprus,1993,6812.177621
Cyprus,1994,7060.234171
Cyprus,1995,6996.94377
Cyprus,1996,7341.989099
Cyprus,1997,7430.125643
Cyprus,1998,7758.97041
Cyprus,1999,8026.002505
Cyprus,2000,8296.6769
Cyprus,2001,8242.104521
Cyprus,2002,8468.067774
Cyprus,2003,8861.241798
Cyprus,2004,9085.60228
Cyprus,2005,9211.177725
Cyprus,2006,9470.49251
Cyprus,2007,9802.215254
Cyprus,2008,10025.69042
Cyprus,2009,9788.898669
Cyprus,2010,9464.042852
Cyprus,2011,9157.417501
Cyprus,2012,8629.840476
Cyprus,2013,7919.821775
Cyprus,2014,8292.644856
Cyprus,2015,8344.081731
Cyprus,2016,8799.316033
Cyprus,2017,8996.819558
Cyprus,2018,8857.801882
Cyprus,2019,8900.115158
Cyprus,2020,8871.573975
Czechia,1990,196955.2422
Czechia,1991,178725.4236
Czechia,1992,173319.615
Czechia,1993,166101.3832
Czechia,1994,157398.1659
Czechia,1995,156320.8482
Czechia,1996,159433.5902
Czechia,1997,154987.1394
Czechia,1998,148909.7894
Czechia,1999,139213.2406
Czechia,2000,149594.3678
Czechia,2001,149698.6368
Czechia,2002,146096.9963
Czechia,2003,149239.9272
Czechia,2004,150302.6422
Czechia,2005,148097.9604
Czechia,2006,149370.8781
Czechia,2007,151128.2988
Czechia,2008,146108.2356
Czechia,2009,136747.6802
Czechia,2010,139549.8745
Czechia,2011,138116.4851
Czechia,2012,134176.0417
Czechia,2013,128913.0267
Czechia,2014,126728.2515
Czechia,2015,128158.5417
Czechia,2016,129495.1928
Czechia,2017,130553.1839
Czechia,2018,128733.4229
Czechia,2019,122895.3338
Czechia,2020,112788.5783
Denmark,1990,71429.97157
Denmark,1991,82054.15223
Denmark,1992,76040.81975
Denmark,1993,78197.69711
Denmark,1994,82105.1324
Denmark,1995,79174.86735
Denmark,1996,92340.45971
Denmark,1997,82916.56561
Denmark,1998,78885.85703
Denmark,1999,76380.86374
Denmark,2000,72100.8718
Denmark,2001,73820.461
Denmark,2002,73239.917
Denmark,2003,78316.44947
Denmark,2004,72333.0844
Denmark,2005,67944.27006
Denmark,2006,75696.13962
Denmark,2007,71086.70317
Denmark,2008,67493.87667
Denmark,2009,64703.08767
Denmark,2010,65011.35825
Denmark,2011,59786.03799
Denmark,2012,55194.77428
Denmark,2013,56919.34995
Denmark,2014,52740.34065
Denmark,2015,50125.45566
Denmark,2016,52158.39476
Denmark,2017,50038.34404
Denmark,2018,49963.80486
Denmark,2019,46145.42854
Denmark,2020,43457.97519
Estonia,1990,40175.17474
Estonia,1991,37295.32424
Estonia,1992,27136.65557
Estonia,1993,21688.56999
Estonia,1994,22181.18331
Estonia,1995,20080.52941
Estonia,1996,21033.5342
Estonia,1997,20750.10375
Estonia,1998,18999.99557
Estonia,1999,17851.34519
Estonia,2000,17479.52225
Estonia,2001,17909.59071
Estonia,2002,17313.1074
Estonia,2003,19262.2885
Estonia,2004,19390.5358
Estonia,2005,19157.48459
Estonia,2006,18501.96946
Estonia,2007,22105.76697
Estonia,2008,20050.26462
Estonia,2009,16570.90625
Estonia,2010,21180.80696
Estonia,2011,21134.14186
Estonia,2012,20023.44773
Estonia,2013,21931.18406
Estonia,2014,21104.45263
Estonia,2015,18036.69304
Estonia,2016,19721.58768
Estonia,2017,20965.47086
Estonia,2018,20125.73626
Estonia,2019,14636.12042
Estonia,2020,11555.80883
Finland,1990,71015.76757
Finland,1991,68929.12027
Finland,1992,67511.79721
Finland,1993,69761.20078
Finland,1994,75346.75254
Finland,1995,71632.46109
Finland,1996,77625.71804
Finland,1997,76325.07675
Finland,1998,72632.57627
Finland,1999,72008.85635
Finland,2000,70130.08433
Finland,2001,75462.55034
Finland,2002,77894.20676
Finland,2003,85529.77162
Finland,2004,81823.58993
Finland,2005,69849.4993
Finland,2006,81206.91802
Finland,2007,79565.72721
Finland,2008,71466.30786
Finland,2009,67794.60584
Finland,2010,75602.47455
Finland,2011,67835.63006
Finland,2012,62290.09881
Finland,2013,62724.30907
Finland,2014,58546.37361
Finland,2015,54970.8711
Finland,2016,57868.14049
Finland,2017,55056.06919
Finland,2018,56125.12111
Finland,2019,52734.65484
Finland,2020,47716.29646
France,1990,547183.2287
France,1991,574174.3337
France,1992,562058.2534
France,1993,542044.6148
France,1994,534674.4198
France,1995,540195.1948
France,1996,557168.3825
France,1997,549668.4107
France,1998,564256.4786
France,1999,558784.3208
France,2000,553001.7364
France,2001,558358.4405
France,2002,553086.8359
France,2003,556136.3069
France,2004,555107.2179
France,2005,556120.5491
France,2006,545587.4437
France,2007,536374.997
France,2008,530722.796
France,2009,508213.8969
France,2010,512753.4921
France,2011,488753.4497
France,2012,490256.2288
France,2013,491335.7863
France,2014,461189.4901
France,2015,464491.2684
France,2016,466376.9783
France,2017,469718.6247
France,2018,450787.0775
France,2019,441488.0126
France,2020,399412.6681
Germany,1990,1241919.234
Germany,1991,1195966.138
Germany,1992,1146454.342
Germany,1993,1137451.367
Germany,1994,1119681.968
Germany,1995,1115305.357
Germany,1996,1133362.884
Germany,1997,1098413.401
Germany,1998,1073178.323
Germany,1999,1039200.172
Germany,2000,1036926.261
Germany,2001,1052999.477
Germany,2002,1031672.509
Germany,2003,1028625.772
Germany,2004,1011768.83
Germany,2005,986709.4846
Germany,2006,993738.7322
Germany,2007,968039.5967
Germany,2008,968935.0301
Germany,2009,902742.0597
Germany,2010,935768.3642
Germany,2011,911243.7742
Germany,2012,916901.0167
Germany,2013,933987.3612
Germany,2014,894464.5405
Germany,2015,897953.6712
Germany,2016,901442.03
Germany,2017,885729.469
Germany,2018,850541.9868
Germany,2019,799733.9878
Germany,2020,728737.6533
Greece,1990,103450.6403
Greece,1991,103503.1777
Greece,1992,104711.3494
Greece,1993,104318.9096
Greece,1994,107040.7333
Greece,1995,109399.0598
Greece,1996,112533.541
Greece,1997,117432.5333
Greece,1998,123012.6384
Greece,1999,123144.3505
Greece,2000,126532.3721
Greece,2001,127576.1876
Greece,2002,127561.9394
Greece,2003,131303.7621
Greece,2004,131947.8188
Greece,2005,136414.345
Greece,2006,132494.1941
Greece,2007,135149.1519
Greece,2008,131795.7405
Greece,2009,124587.3138
Greece,2010,118511.007
Greece,2011,115528.9914
Greece,2012,112271.6311
Greece,2013,102778.4492
Greece,2014,99366.7132
Greece,2015,95528.71337
Greece,2016,91911.68165
Greece,2017,95710.70607
Greece,2018,92417.47035
Greece,2019,85707.31968
Greece,2020,74941.22649
Hungary,1990,94820.92211
Hungary,1991,88340.31984
Hungary,1992,78157.64848
Hungary,1993,79372.32516
Hungary,1994,78430.42835
Hungary,1995,77194.4123
Hungary,1996,79554.03495
Hungary,1997,78011.92271
Hungary,1998,77400.90588
Hungary,1999,77817.22493
Hungary,2000,74928.81324
Hungary,2001,76868.91657
Hungary,2002,75141.79575
Hungary,2003,78048.28011
Hungary,2004,76946.24282
Hungary,2005,76713.5712
Hungary,2006,75480.55532
Hungary,2007,73703.71214
Hungary,2008,71559.70909
Hungary,2009,65358.16243
Hungary,2010,66021.08282
Hungary,2011,64309.22183
Hungary,2012,60915.39587
Hungary,2013,58033.0371
Hungary,2014,58401.35203
Hungary,2015,61495.83147
Hungary,2016,62256.33602
Hungary,2017,64728.75411
Hungary,2018,64756.34869
Hungary,2019,64580.97498
Hungary,2020,62818.38562
Iceland,1990,3674.480908
Iceland,1991,3459.851666
Iceland,1992,3369.399878
Iceland,1993,3449.368196
Iceland,1994,3376.158828
Iceland,1995,3506.175321
Iceland,1996,3563.568442
Iceland,1997,3731.122566
Iceland,1998,3875.499623
Iceland,1999,4096.918691
Iceland,2000,4119.481242
Iceland,2001,4011.136041
Iceland,2002,4101.835299
Iceland,2003,4065.171522
Iceland,2004,4167.988873
Iceland,2005,4018.838501
Iceland,2006,4608.876091
Iceland,2007,4906.699721
Iceland,2008,5299.865567
Iceland,2009,4969.116318
Iceland,2010,4864.921587
Iceland,2011,4646.539096
Iceland,2012,4653.19329
Iceland,2013,4661.030556
Iceland,2014,4661.461296
Iceland,2015,4746.023521
Iceland,2016,4692.480155
Iceland,2017,4776.967094
Iceland,2018,4847.088205
Iceland,2019,4713.00876
Iceland,2020,4509.639508
Ireland,1990,54823.19024
Ireland,1991,55674.52482
Ireland,1992,55678.38161
Ireland,1993,56268.9755
Ireland,1994,57697.72346
Ireland,1995,59223.60311
Ireland,1996,61401.84787
Ireland,1997,62818.56106
Ireland,1998,65470.40655
Ireland,1999,66731.57957
Ireland,2000,68937.36514
Ireland,2001,70923.57569
Ireland,2002,68970.29288
Ireland,2003,69367.00689
Ireland,2004,68791.67616
Ireland,2005,70678.99333
Ireland,2006,70028.44506
Ireland,2007,68967.00912
Ireland,2008,68464.89436
Ireland,2009,62660.70284
Ireland,2010,62176.45436
Ireland,2011,57977.99965
Ireland,2012,59038.37834
Ireland,2013,58837.55899
Ireland,2014,58315.69849
Ireland,2015,60768.08511
Ireland,2016,62998.05278
Ireland,2017,62379.84697
Ireland,2018,62662.09724
Ireland,2019,60158.01302
Ireland,2020,58032.34026
Italy,1990,519907.9365
Italy,1991,521154.0879
Italy,1992,520199.4196
Italy,1993,513231.7858
Italy,1994,507332.0628
Italy,1995,533876.4463
Italy,1996,528309.1034
Italy,1997,535982.6854
Italy,1998,548410.4856
Italy,1999,553714.5134
Italy,2000,557290.6286
Italy,2001,558983.2862
Italy,2002,564909.7978
Italy,2003,584005.5407
Italy,2004,589774.2976
Italy,2005,590908.2103
Italy,2006,580197.2235
Italy,2007,574665.8102
Italy,2008,561556.7919
Italy,2009,506541.1261
Italy,2010,517804.0645
Italy,2011,505141.1445
Italy,2012,485879.735
Italy,2013,450434.4119
Italy,2014,429340.8421
Italy,2015,441759.0732
Italy,2016,439274.3698
Italy,2017,433482.0967
Italy,2018,429624.3817
Italy,2019,418352.2192
Italy,2020,381247.9621
Japan,1990,1269901.035
Japan,1991,1284360.846
Japan,1992,1296213.007
Japan,1993,1292021.178
Japan,1994,1353190.917
Japan,1995,1374714.901
Japan,1996,1387772.006
Japan,1997,1379898.48
Japan,1998,1331447.762
Japan,1999,1354848.931
Japan,2000,1374626.421
Japan,2001,1348960.208
Japan,2002,1372841.479
Japan,2003,1379554.997
Japan,2004,1370990.941
Japan,2005,1378746.695
Japan,2006,1357463.489
Japan,2007,1392763.033
Japan,2008,1319987.889
Japan,2009,1247885.883
Japan,2010,1301405.899
Japan,2011,1352174.894
Japan,2012,1394952.483
Japan,2013,1406811.175
Japan,2014,1357949.766
Japan,2015,1319410.641
Japan,2016,1302713.833
Japan,2017,1289434.117
Japan,2018,1245542.084
Japan,2019,1210159.62
Japan,2020,1148122.08
Latvia,1990,25868.25153
Latvia,1991,23972.53481
Latvia,1992,19199.87996
Latvia,1993,15782.96321
Latvia,1994,13831.48576
Latvia,1995,12448.47589
Latvia,1996,12503.06012
Latvia,1997,11949.35956
Latvia,1998,11451.02121
Latvia,1999,10674.574
Latvia,2000,10059.77529
Latvia,2001,10646.9296
Latvia,2002,10617.16959
Latvia,2003,10789.25497
Latvia,2004,10755.604
Latvia,2005,10927.87169
Latvia,2006,11409.54493
Latvia,2007,11854.58315
Latvia,2008,11403.39896
Latvia,2009,10715.25672
Latvia,2010,11801.93062
Latvia,2011,11010.67901
Latvia,2012,10830.48397
Latvia,2013,10742.25304
Latvia,2014,10647.80442
Latvia,2015,10703.35799
Latvia,2016,10693.31138
Latvia,2017,10733.27796
Latvia,2018,11235.03962
Latvia,2019,11103.62538
Latvia,2020,10446.62556
Liechtenstein,1990,228.4746535
Liechtenstein,1991,236.0434692
Liechtenstein,1992,236.242501
Liechtenstein,1993,243.3656179
Liechtenstein,1994,229.7210822
Liechtenstein,1995,233.5395622
Liechtenstein,1996,235.8494987
Liechtenstein,1997,248.4248343
Liechtenstein,1998,259.3824993
Liechtenstein,1999,256.3828804
Liechtenstein,2000,247.0067371
Liechtenstein,2001,246.5693543
Liechtenstein,2002,252.8818403
Liechtenstein,2003,263.0060123
Liechtenstein,2004,263.2272837
Liechtenstein,2005,263.6397758
Liechtenstein,2006,267.2448557
Liechtenstein,2007,238.0537069
Liechtenstein,2008,257.8292618
Liechtenstein,2009,243.1014512
Liechtenstein,2010,228.1664402
Liechtenstein,2011,215.3226311
Liechtenstein,2012,224.5085807
Liechtenstein,2013,230.7297363
Liechtenstein,2014,199.7268882
Liechtenstein,2015,198.1464747
Liechtenstein,2016,187.7576397
Liechtenstein,2017,193.456956
Liechtenstein,2018,181.2726843
Liechtenstein,2019,187.6734584
Liechtenstein,2020,179.6588386
Lithuania,1990,47860.89647
Lithuania,1991,49843.94415
Lithuania,1992,30664.54132
Lithuania,1993,24586.68043
Lithuania,1994,23219.92725
Lithuania,1995,22233.48901
Lithuania,1996,23276.50397
Lithuania,1997,22840.91725
Lithuania,1998,23804.51137
Lithuania,1999,20987.2761
Lithuania,2000,19441.00656
Lithuania,2001,20243.16418
Lithuania,2002,20622.26091
Lithuania,2003,20789.53061
Lithuania,2004,21608.68082
Lithuania,2005,22714.41371
Lithuania,2006,23003.84723
Lithuania,2007,25182.36125
Lithuania,2008,24203.76311
Lithuania,2009,19911.50634
Lithuania,2010,20750.15655
Lithuania,2011,21343.21983
Lithuania,2012,21266.73267
Lithuania,2013,20026.91789
Lithuania,2014,19995.69594
Lithuania,2015,20303.88937
Lithuania,2016,20326.57931
Lithuania,2017,20528.9057
Lithuania,2018,20159.02005
Lithuania,2019,20360.5923
Lithuania,2020,20182.5536
Luxembourg,1990,12732.99328
Luxembourg,1991,13373.87409
Luxembourg,1992,13143.84053
Luxembourg,1993,13299.43794
Luxembourg,1994,12464.68457
Luxembourg,1995,10090.93309
Luxembourg,1996,10152.12267
Luxembourg,1997,9501.800759
Luxembourg,1998,8620.157546
Luxembourg,1999,9084.314132
Luxembourg,2000,9664.532793
Luxembourg,2001,10155.14672
Luxembourg,2002,10931.66043
Luxembourg,2003,11376.974
Luxembourg,2004,12763.41309
Luxembourg,2005,13006.61074
Luxembourg,2006,12838.25024
Luxembourg,2007,12255.96986
Luxembourg,2008,12143.35496
Luxembourg,2009,11597.33101
Luxembourg,2010,12168.5284
Luxembourg,2011,12052.27626
Luxembourg,2012,11809.91913
Luxembourg,2013,11276.74863
Luxembourg,2014,10797.42977
Luxembourg,2015,10317.72123
Luxembourg,2016,10078.73406
Luxembourg,2017,10261.75132
Luxembourg,2018,10561.46623
Luxembourg,2019,10732.70073
Luxembourg,2020,9064.902099
Malta,1990,2599.282504
Malta,1991,2452.203959
Malta,1992,2517.179108
Malta,1993,3105.259578
Malta,1994,2886.544214
Malta,1995,2682.409804
Malta,1996,2801.453729
Malta,1997,2815.944292
Malta,1998,2778.448265
Malta,1999,2863.793682
Malta,2000,2789.716183
Malta,2001,2936.198343
Malta,2002,2986.05671
Malta,2003,3265.488917
Malta,2004,3143.896112
Malta,2005,2980.535602
Malta,2006,3041.206819
Malta,2007,3133.515979
Malta,2008,3071.843556
Malta,2009,2887.878008
Malta,2010,2944.942987
Malta,2011,2949.954717
Malta,2012,3132.39418
Malta,2013,2795.156127
Malta,2014,2800.657537
Malta,2015,2122.948457
Malta,2016,1835.780603
Malta,2017,2018.049933
Malta,2018,2030.013635
Malta,2019,2131.763169
Malta,2020,2121.589623
Monaco,1990,102.7393143
Monaco,1991,103.5971143
Monaco,1992,109.2393597
Monaco,1993,108.3861348
Monaco,1994,109.083389
Monaco,1995,105.7228867
Monaco,1996,109.5266177
Monaco,1997,108.1423739
Monaco,1998,107.27738
Monaco,1999,108.4444068
Monaco,2000,106.559983
Monaco,2001,106.984252
Monaco,2002,107.2874868
Monaco,2003,104.4245154
Monaco,2004,99.17781474
Monaco,2005,97.92576789
Monaco,2006,93.54521626
Monaco,2007,93.34195226
Monaco,2008,94.0476653
Monaco,2009,90.2806071
Monaco,2010,88.87547853
Monaco,2011,86.53661624
Monaco,2012,89.16911432
Monaco,2013,91.29117681
Monaco,2014,85.51839171
Monaco,2015,88.43310714
Monaco,2016,86.68134918
Monaco,2017,83.60674696
Monaco,2018,86.96756736
Monaco,2019,83.29086015
Monaco,2020,70.03645877
Netherlands,1990,219596.5413
Netherlands,1991,227256.548
Netherlands,1992,227938.9438
Netherlands,1993,228686.5338
Netherlands,1994,229568.2887
Netherlands,1995,229625.2377
Netherlands,1996,240401.5796
Netherlands,1997,232356.3423
Netherlands,1998,232742.8971
Netherlands,1999,219291.0884
Netherlands,2000,217505.214
Netherlands,2001,218195.2744
Netherlands,2002,215996.8661
Netherlands,2003,216641.1335
Netherlands,2004,218177.1446
Netherlands,2005,212447.5912
Netherlands,2006,207397.7654
Netherlands,2007,205783.6196
Netherlands,2008,205213.1015
Netherlands,2009,199616.3923
Netherlands,2010,211583.233
Netherlands,2011,197244.0833
Netherlands,2012,193009.4029
Netherlands,2013,193342.4435
Netherlands,2014,185548.9344
Netherlands,2015,192648.9314
Netherlands,2016,193058.3888
Netherlands,2017,190568.2376
Netherlands,2018,185596.9053
Netherlands,2019,179837.6528
Netherlands,2020,163915.1819
New Zealand,1990,65196.98063
New Zealand,1991,66175.52675
New Zealand,1992,67332.21363
New Zealand,1993,67194.37364
New Zealand,1994,68443.50055
New Zealand,1995,69012.9066
New Zealand,1996,71191.48553
New Zealand,1997,74027.47766
New Zealand,1998,71822.3527
New Zealand,1999,73576.26155
New Zealand,2000,75515.16946
New Zealand,2001,78503.95025
New Zealand,2002,78594.90834
New Zealand,2003,80784.30239
New Zealand,2004,80621.38325
New Zealand,2005,82666.1032
New Zealand,2006,82832.55248
New Zealand,2007,80727.51646
New Zealand,2008,80494.16128
New Zealand,2009,77834.61236
New Zealand,2010,78426.3168
New Zealand,2011,78290.27942
New Zealand,2012,80482.5715
New Zealand,2013,79805.655
New Zealand,2014,80618.39751
New Zealand,2015,80450.06464
New Zealand,2016,78391.48429
New Zealand,2017,79889.59419
New Zealand,2018,80079.58166
New Zealand,2019,81617.05835
New Zealand,2020,78778.36602
Norway,1990,51431.79119
Norway,1991,49025.04693
Norway,1992,47367.61138
Norway,1993,49331.79093
Norway,1994,51236.05145
Norway,1995,51631.42406
Norway,1996,54511.42905
Norway,1997,54533.09906
Norway,1998,54560.82266
Norway,1999,55582.86441
Norway,2000,54922.38081
Norway,2001,56192.66023
Norway,2002,55009.78034
Norway,2003,55613.21438
Norway,2004,56013.99834
Norway,2005,54945.19334
Norway,2006,54933.79119
Norway,2007,56604.90944
Norway,2008,55131.03128
Norway,2009,52672.10854
Norway,2010,54938.6741
Norway,2011,53990.81596
Norway,2012,53412.71166
Norway,2013,53671.55716
Norway,2014,54040.58202
Norway,2015,54488.24925
Norway,2016,53585.77928
Norway,2017,52840.34868
Norway,2018,52871.07348
Norway,2019,51086.03446
Norway,2020,49272.55418
Poland,1990,475872.7458
Poland,1991,463801.2129
Poland,1992,451029.3513
Poland,1993,450927.2772
Poland,1994,445318.0083
Poland,1995,447348.5925
Poland,1996,461159.0629
Poland,1997,451079.1643
Poland,1998,420746.342
Poland,1999,409335.6551
Poland,2000,396680.4858
Poland,2001,395275.6065
Poland,2002,385552.0096
Poland,2003,399360.7551
Poland,2004,405015.2873
Poland,2005,405202.2577
Poland,2006,420378.6312
Poland,2007,420214.8162
Poland,2008,413674.67
Poland,2009,395673.6897
Poland,2010,412901.8324
Poland,2011,411821.4133
Poland,2012,404244.1121
Poland,2013,400103.332
Poland,2014,387209.2761
Poland,2015,389149.281
Poland,2016,400064.979
Poland,2017,414395.7453
Poland,2018,413128.1975
Poland,2019,390538.9357
Poland,2020,376038.4614
Portugal,1990,58365.68259
Portugal,1991,60288.06294
Portugal,1992,64147.52633
Portugal,1993,62651.51865
Portugal,1994,63560.34416
Portugal,1995,68231.91397
Portugal,1996,65948.35343
Portugal,1997,69146.78712
Portugal,1998,74018.72142
Portugal,1999,82117.51746
Portugal,2000,81402.9096
Portugal,2001,80944.32068
Portugal,2002,85407.30018
Portugal,2003,80319.39326
Portugal,2004,83609.51167
Portugal,2005,85563.97615
Portugal,2006,80735.91826
Portugal,2007,78468.95153
Portugal,2008,76078.08461
Portugal,2009,72970.19263
Portugal,2010,68726.55948
Portugal,2011,67241.83007
Portugal,2012,65313.96691
Portugal,2013,63447.8612
Portugal,2014,63379.07807
Portugal,2015,67534.54647
Portugal,2016,65694.9041
Portugal,2017,70758.47354
Portugal,2018,67091.62409
Portugal,2019,63467.90231
Portugal,2020,57453.77135
Romania,1990,249696.5302
Romania,1991,205870.959
Romania,1992,190518.2326
Romania,1993,180396.6185
Romania,1994,177810.7786
Romania,1995,184936.2376
Romania,1996,187826.0074
Romania,1997,180668.0505
Romania,1998,163592.7147
Romania,1999,145577.4773
Romania,2000,138979.5012
Romania,2001,142647.7728
Romania,2002,144186.0104
Romania,2003,149901.2627
Romania,2004,148139.9947
Romania,2005,146902.5953
Romania,2006,148403.9239
Romania,2007,151887.1427
Romania,2008,147982.5068
Romania,2009,127058.67
Romania,2010,122862.6319
Romania,2011,129627.1488
Romania,2012,127537.2395
Romania,2013,116059.3246
Romania,2014,115292.89
Romania,2015,114817.6851
Romania,2016,113456.3805
Romania,2017,116701.1643
Romania,2018,117597.4802
Romania,2019,113939.3837
Romania,2020,109934.3277
Russia,1990,3162627.605
Russia,1991,3001659.104
Russia,1992,2521408.581
Russia,1993,2382499.415
Russia,1994,2119790.293
Russia,1995,2067814.835
Russia,1996,2016774.076
Russia,1997,1899349.788
Russia,1998,1867454.795
Russia,1999,1897763.779
Russia,2000,1892383.822
Russia,2001,1926119.75
Russia,2002,1905832.798
Russia,2003,1937194.917
Russia,2004,1949405.103
Russia,2005,1966308.379
Russia,2006,2024878.451
Russia,2007,2024611.881
Russia,2008,2054042.228
Russia,2009,1918798.791
Russia,2010,2011925.173
Russia,2011,2069031.431
Russia,2012,2093883.831
Russia,2013,2033822.907
Russia,2014,2029101.119
Russia,2015,2023981.951
Russia,2016,2023425.788
Russia,2017,2070208.411
Russia,2018,2132702.054
Russia,2019,2122793.407
Russia,2020,2051437.414
Slovakia,1990,73374.79172
Slovakia,1991,63918.51269
Slovakia,1992,58210.71295
Slovakia,1993,54800.76978
Slovakia,1994,52331.00649
Slovakia,1995,52840.35026
Slovakia,1996,52686.82962
Slovakia,1997,52537.19919
Slovakia,1998,51818.94832
Slovakia,1999,50517.04539
Slovakia,2000,48704.16596
Slovakia,2001,51033.17673
Slovakia,2002,49638.07935
Slovakia,2003,49770.51485
Slovakia,2004,50505.50086
Slovakia,2005,50495.10443
Slovakia,2006,50304.73576
Slovakia,2007,48574.30786
Slovakia,2008,49101.02576
Slovakia,2009,44813.94161
Slovakia,2010,45624.01578
Slovakia,2011,44642.63623
Slovakia,2012,42237.69025
Slovakia,2013,41915.26501
Slovakia,2014,39959.81886
Slovakia,2015,40657.97528
Slovakia,2016,41126.85155
Slovakia,2017,42215.28514
Slovakia,2018,42081.77125
Slovakia,2019,39776.34936
Slovakia,2020,37002.70637
Slovenia,1990,18598.85244
Slovenia,1991,17246.78263
Slovenia,1992,17236.2946
Slovenia,1993,17483.7222
Slovenia,1994,17902.69507
Slovenia,1995,18683.17372
Slovenia,1996,19287.59696
Slovenia,1997,19826.44424
Slovenia,1998,19417.9313
Slovenia,1999,18803.49153
Slovenia,2000,18581.83278
Slovenia,2001,19854.45457
Slovenia,2002,20127.38495
Slovenia,2003,19799.50764
Slovenia,2004,20202.15908
Slovenia,2005,20462.37739
Slovenia,2006,20662.809
Slovenia,2007,20846.87238
Slovenia,2008,21572.71342
Slovenia,2009,19407.73372
Slovenia,2010,19643.77278
Slovenia,2011,19567.82934
Slovenia,2012,18943.48936
Slovenia,2013,18250.06954
Slovenia,2014,16612.19873
Slovenia,2015,16793.50654
Slovenia,2016,17657.57665
Slovenia,2017,17727.38264
Slovenia,2018,17554.68511
Slovenia,2019,17074.18186
Slovenia,2020,15851.44202
Spain,1990,290103.6726
Spain,1991,297816.5974
Spain,1992,307440.4147
Spain,1993,296865.052
Spain,1994,313888.6687
Spain,1995,330044.5256
Spain,1996,322247.128
Spain,1997,336504.8304
Spain,1998,345924.1554
Spain,1999,372916.2786
Spain,2000,388091.2581
Spain,2001,385864.1927
Spain,2002,403903.8838
Spain,2003,411770.5765
Spain,2004,427565.566
Spain,2005,442321.4027
Spain,2006,435528.4867
Spain,2007,446685.7469
Spain,2008,412489.5788
Spain,2009,372606.6307
Spain,2010,358156.6422
Spain,2011,357852.0371
Spain,2012,350635.3726
Spain,2013,323830.8629
Spain,2014,325894.0114
Spain,2015,337416.3831
Spain,2016,325627.6005
Spain,2017,338844.7501
Spain,2018,333251.3974
Spain,2019,313828.4891
Spain,2020,274742.8949
Sweden,1990,71441.5546
Sweden,1991,71688.51641
Sweden,1992,71213.25815
Sweden,1993,71510.19227
Sweden,1994,74016.11246
Sweden,1995,73363.50132
Sweden,1996,77313.20321
Sweden,1997,72310.30427
Sweden,1998,72759.31828
Sweden,1999,69684.05887
Sweden,2000,68337.64168
Sweden,2001,69156.52342
Sweden,2002,69871.85571
Sweden,2003,70231.12398
Sweden,2004,69656.83932
Sweden,2005,66827.53171
Sweden,2006,66441.37009
Sweden,2007,65324.01646
Sweden,2008,62952.52063
Sweden,2009,58680.16921
Sweden,2010,64713.64132
Sweden,2011,60371.63176
Sweden,2012,57508.57154
Sweden,2013,55842.97695
Sweden,2014,53944.02364
Sweden,2015,54105.99628
Sweden,2016,53701.68029
Sweden,2017,53100.52493
Sweden,2018,52149.82791
Sweden,2019,50810.59266
Sweden,2020,46284.75262
Switzerland,1990,53566.24762
Switzerland,1991,55473.48335
Switzerland,1992,55241.68476
Switzerland,1993,52695.05195
Switzerland,1994,51688.11346
Switzerland,1995,52621.60579
Switzerland,1996,53323.90311
Switzerland,1997,52170.06051
Switzerland,1998,53736.41437
Switzerland,1999,53580.15559
Switzerland,2000,52889.12388
Switzerland,2001,54428.30392
Switzerland,2002,52938.18471
Switzerland,2003,54022.30524
Switzerland,2004,54653.87386
Switzerland,2005,55299.17338
Switzerland,2006,54990.56938
Switzerland,2007,53076.98841
Switzerland,2008,54492.87173
Switzerland,2009,53036.00479
Switzerland,2010,54669.66779
Switzerland,2011,50552.3823
Switzerland,2012,51901.41995
Switzerland,2013,52785.69918
Switzerland,2014,48845.03324
Switzerland,2015,48355.48364
Switzerland,2016,48631.37845
Switzerland,2017,47754.07969
Switzerland,2018,46256.92601
Switzerland,2019,45973.87043
Switzerland,2020,43290.99417
Türkiye,1990,219720.0014
Türkiye,1991,227104.9437
Türkiye,1992,233312.9501
Türkiye,1993,240635.8084
Türkiye,1994,234610.6981
Türkiye,1995,248560.9734
Türkiye,1996,267662.0044
Türkiye,1997,278883.2518
Türkiye,1998,280437.9553
Türkiye,1999,277879.815
Türkiye,2000,299010.1559
Türkiye,2001,279804.7022
Türkiye,2002,285698.7741
Türkiye,2003,304853.8264
Türkiye,2004,314474.6726
Türkiye,2005,336986.3547
Türkiye,2006,357962.0532
Türkiye,2007,391259.813
Türkiye,2008,387867.8982
Türkiye,2009,395127.3143
Türkiye,2010,398675.6488
Türkiye,2011,428492.4784
Türkiye,2012,448005.5268
Türkiye,2013,440048.6944
Türkiye,2014,459365.743
Türkiye,2015,474469.9124
Türkiye,2016,500752.4105
Türkiye,2017,528311.8665
Türkiye,2018,524038.9134
Türkiye,2019,508078.1718
Türkiye,2020,523897.188
Ukraine,1990,942389.6161
Ukraine,1991,856026.4423
Ukraine,1992,801043.2579
Ukraine,1993,710953.1231
Ukraine,1994,604680.666
Ukraine,1995,561889.842
Ukraine,1996,515054.3907
Ukraine,1997,499354.8842
Ukraine,1998,480675.6715
Ukraine,1999,449361.4443
Ukraine,2000,427557.8167
Ukraine,2001,445653.4433
Ukraine,2002,430798.901
Ukraine,2003,440055.0367
Ukraine,2004,442754.1855
Ukraine,2005,441930.155
Ukraine,2006,459566.4272
Ukraine,2007,462932.5075
Ukraine,2008,450718.4676
Ukraine,2009,390273.1916
Ukraine,2010,407103.4721
Ukraine,2011,428358.8065
Ukraine,2012,417374.4465
Ukraine,2013,408987.8824
Ukraine,2014,362562.3436
Ukraine,2015,319107.6012
Ukraine,2016,337413.3941
Ukraine,2017,322998.6852
Ukraine,2018,339500.295
Ukraine,2019,333834.969
Ukraine,2020,317695.5968
UK,1990,797015.7664
UK,1991,805857.214
UK,1992,785188.9861
UK,1993,765797.9251
UK,1994,754948.24
UK,1995,748697.9053
UK,1996,769570.0707
UK,1997,745547.6787
UK,1998,744404.8449
UK,1999,714329.7131
UK,2000,714300.9024
UK,2001,717276.919
UK,2002,695757.8474
UK,2003,702304.928
UK,2004,698972.1548
UK,2005,691247.9903
UK,2006,684093.4926
UK,2007,672431.5083
UK,2008,651364.7421
UK,2009,595065.647
UK,2010,609398.6017
UK,2011,564263.3973
UK,2012,580528.0333
UK,2013,567038.7356
UK,2014,526914.7856
UK,2015,509266.1305
UK,2016,484244.9524
UK,2017,473113.187
UK,2018,464307.2069
UK,2019,448389.6384
UK,2020,405754.8834
USA,1990,6453450.223
USA,1991,6382938.922
USA,1992,6497290.079
USA,1993,6613395.75
USA,1994,6700778.176
USA,1995,6785363.614
USA,1996,6990925.58
USA,1997,7046213.088
USA,1998,7094833.389
USA,1999,7138140.713
USA,2000,7327593.209
USA,2001,7219162.974
USA,2002,7259157.149
USA,2003,7313828.082
USA,2004,7428447.644
USA,2005,7434827.939
USA,2006,7360801.267
USA,2007,7463786.407
USA,2008,7240643.548
USA,2009,6787264.726
USA,2010,7007442.261
USA,2011,6845087.119
USA,2012,6606523.764
USA,2013,6784494.217
USA,2014,6843355.822
USA,2015,6689006.127
USA,2016,6537871.032
USA,2017,6500975.386
USA,2018,6687512.573
USA,2019,6571725.746
USA,2020,5981354.372